# JGMA 116-02 (1983) double-flank composite tolerances, one row per cell, in µm.
#
# Source of the values: a two-page Traditional Chinese compilation of the
# standard's tables, "(JGMA)齒輪嚙合誤差一覽表 (JGMA 116-02 1983)". All 618
# values were compared cell by cell with its rendered pages. The fine table's
# 294 values also equal Ohtsuki Seiko's Japanese reproduction
# (https://a-mec.jp/ots/cnt01_06.html). The standard is not in this repository.
#
# Quantities, in the standard's Japanese and the compilation's Chinese:
#   tooth_to_tooth  両歯面1ピッチかみあい誤差  一齒嚙合誤差  single-pitch (tooth-to-tooth)
#   total           両歯面全かみあい誤差      全齒嚙合誤差  total
#
# Bands are stored as printed, in interval notation: "[" closed below, "(" open
# below, "]" closed above — every printed band is.
# The Japanese table prints 以上 (at or above), をこえ (above) and 以下 (at or
# below): m0.2以上0.6以下, m0.6をこえ1以下, m1をこえ1.6以下; 1.5以上3以下,
# 3をこえ6以下, … . Every band is closed above. Only the m0.2–0.6 block's module
# band and its first diameter band are closed below; the other two blocks open
# with をこえ, so closure is a column rather than a rule about band order. The
# Chinese compilation prints the same bands in 0.01 steps (1.51～3.00,
# 3.01～6.00), which is the same reading.
#
# The standard scale's bands (modules 1, 3.5, 6.3, 10; diameters 125, 400, 800,
# 1600, 2500, 4000) are read the same way, (lo, hi] with the first band closed,
# as ISO 1328:1975 prints this scheme (≥1~3.5, >3.5~6.3). That reading follows
# the convention; it has not been checked against the standard's main body.
#
# Two independent grade scales: a grade number on one is not the same
# tolerance as that number on the other (docs/rationale.md#the-tolerance-table-has-two-grade-scales-not-one).
#   fine      grades 0–6,  modules 0.2–1.6, pitch diameters 1.5–400 mm
#   standard  grades 4–12, modules 1–10,    pitch diameters up to 4000 mm
scale,grade,module,diameter,tooth_to_tooth,total
fine,0,[0.2~0.6],[1.5~3],5,13
fine,0,[0.2~0.6],(3~6],5.3,16
fine,0,[0.2~0.6],(6~12],5.6,16
fine,0,[0.2~0.6],(12~25],6.3,18
fine,0,[0.2~0.6],(25~50],6.7,19
fine,0,[0.2~0.6],(50~100],7.1,20
fine,0,[0.2~0.6],(100~200],7.5,22
fine,0,[0.2~0.6],(200~400],8,24
fine,0,(0.6~1],(3~6],5.6,16
fine,0,(0.6~1],(6~12],6,18
fine,0,(0.6~1],(12~25],6.7,18
fine,0,(0.6~1],(25~50],7.1,19
fine,0,(0.6~1],(50~100],7.5,20
fine,0,(0.6~1],(100~200],8,22
fine,0,(0.6~1],(200~400],8.5,24
fine,0,(1~1.6],(6~12],6.3,18
fine,0,(1~1.6],(12~25],7.1,20
fine,0,(1~1.6],(25~50],7.5,21
fine,0,(1~1.6],(50~100],7.5,22
fine,0,(1~1.6],(100~200],8,22
fine,0,(1~1.6],(200~400],8.5,24
fine,1,[0.2~0.6],[1.5~3],6.3,20
fine,1,[0.2~0.6],(3~6],6.7,20
fine,1,[0.2~0.6],(6~12],7.1,22
fine,1,[0.2~0.6],(12~25],8,25
fine,1,[0.2~0.6],(25~50],8.5,28
fine,1,[0.2~0.6],(50~100],9,28
fine,1,[0.2~0.6],(100~200],9.5,30
fine,1,[0.2~0.6],(200~400],10,32
fine,1,(0.6~1],(3~6],7.1,22
fine,1,(0.6~1],(6~12],7.5,25
fine,1,(0.6~1],(12~25],8.5,28
fine,1,(0.6~1],(25~50],9,28
fine,1,(0.6~1],(50~100],9.5,30
fine,1,(0.6~1],(100~200],10,30
fine,1,(0.6~1],(200~400],11,34
fine,1,(1~1.6],(6~12],8,25
fine,1,(1~1.6],(12~25],9,26
fine,1,(1~1.6],(25~50],9,30
fine,1,(1~1.6],(50~100],9.5,32
fine,1,(1~1.6],(100~200],10,32
fine,1,(1~1.6],(200~400],11,34
fine,2,[0.2~0.6],[1.5~3],8,26
fine,2,[0.2~0.6],(3~6],8.5,30
fine,2,[0.2~0.6],(6~12],9,32
fine,2,[0.2~0.6],(12~25],10,36
fine,2,[0.2~0.6],(25~50],11,38
fine,2,[0.2~0.6],(50~100],11,40
fine,2,[0.2~0.6],(100~200],12,42
fine,2,[0.2~0.6],(200~400],13,45
fine,2,(0.6~1],(3~6],9,32
fine,2,(0.6~1],(6~12],9.5,34
fine,2,(0.6~1],(12~25],10,38
fine,2,(0.6~1],(25~50],11,40
fine,2,(0.6~1],(50~100],12,42
fine,2,(0.6~1],(100~200],12,45
fine,2,(0.6~1],(200~400],13,48
fine,2,(1~1.6],(6~12],10,36
fine,2,(1~1.6],(12~25],11,40
fine,2,(1~1.6],(25~50],12,40
fine,2,(1~1.6],(50~100],12,42
fine,2,(1~1.6],(100~200],13,45
fine,2,(1~1.6],(200~400],14,48
fine,3,[0.2~0.6],[1.5~3],11,38
fine,3,[0.2~0.6],(3~6],12,42
fine,3,[0.2~0.6],(6~12],13,45
fine,3,[0.2~0.6],(12~25],14,50
fine,3,[0.2~0.6],(25~50],15,53
fine,3,[0.2~0.6],(50~100],16,56
fine,3,[0.2~0.6],(100~200],17,60
fine,3,[0.2~0.6],(200~400],18,63
fine,3,(0.6~1],(3~6],12,45
fine,3,(0.6~1],(6~12],14,48
fine,3,(0.6~1],(12~25],15,53
fine,3,(0.6~1],(25~50],16,56
fine,3,(0.6~1],(50~100],16,60
fine,3,(0.6~1],(100~200],18,63
fine,3,(0.6~1],(200~400],19,67
fine,3,(1~1.6],(6~12],14,53
fine,3,(1~1.6],(12~25],16,56
fine,3,(1~1.6],(25~50],16,60
fine,3,(1~1.6],(50~100],17,60
fine,3,(1~1.6],(100~200],18,63
fine,3,(1~1.6],(200~400],19,67
fine,4,[0.2~0.6],[1.5~3],18,53
fine,4,[0.2~0.6],(3~6],19,60
fine,4,[0.2~0.6],(6~12],20,63
fine,4,[0.2~0.6],(12~25],22,71
fine,4,[0.2~0.6],(25~50],24,80
fine,4,[0.2~0.6],(50~100],25,80
fine,4,[0.2~0.6],(100~200],26,80
fine,4,[0.2~0.6],(200~400],28,90
fine,4,(0.6~1],(3~6],20,63
fine,4,(0.6~1],(6~12],22,67
fine,4,(0.6~1],(12~25],24,71
fine,4,(0.6~1],(25~50],25,80
fine,4,(0.6~1],(50~100],26,80
fine,4,(0.6~1],(100~200],28,90
fine,4,(0.6~1],(200~400],30,90
fine,4,(1~1.6],(6~12],22,71
fine,4,(1~1.6],(12~25],25,80
fine,4,(1~1.6],(25~50],26,80
fine,4,(1~1.6],(50~100],26,90
fine,4,(1~1.6],(100~200],28,90
fine,4,(1~1.6],(200~400],30,100
fine,5,[0.2~0.6],[1.5~3],25,80
fine,5,[0.2~0.6],(3~6],26,80
fine,5,[0.2~0.6],(6~12],30,90
fine,5,[0.2~0.6],(12~25],32,100
fine,5,[0.2~0.6],(25~50],34,100
fine,5,[0.2~0.6],(50~100],36,112
fine,5,[0.2~0.6],(100~200],38,125
fine,5,[0.2~0.6],(200~400],42,125
fine,5,(0.6~1],(3~6],28,90
fine,5,(0.6~1],(6~12],30,100
fine,5,(0.6~1],(12~25],34,100
fine,5,(0.6~1],(25~50],36,112
fine,5,(0.6~1],(50~100],38,112
fine,5,(0.6~1],(100~200],40,125
fine,5,(0.6~1],(200~400],42,140
fine,5,(1~1.6],(6~12],32,100
fine,5,(1~1.6],(12~25],36,112
fine,5,(1~1.6],(25~50],36,112
fine,5,(1~1.6],(50~100],38,125
fine,5,(1~1.6],(100~200],40,125
fine,5,(1~1.6],(200~400],42,140
fine,6,[0.2~0.6],[1.5~3],34,112
fine,6,[0.2~0.6],(3~6],38,112
fine,6,[0.2~0.6],(6~12],40,125
fine,6,[0.2~0.6],(12~25],45,140
fine,6,[0.2~0.6],(25~50],48,140
fine,6,[0.2~0.6],(50~100],50,160
fine,6,[0.2~0.6],(100~200],53,160
fine,6,[0.2~0.6],(200~400],56,180
fine,6,(0.6~1],(3~6],40,125
fine,6,(0.6~1],(6~12],42,140
fine,6,(0.6~1],(12~25],48,140
fine,6,(0.6~1],(25~50],50,160
fine,6,(0.6~1],(50~100],53,160
fine,6,(0.6~1],(100~200],56,180
fine,6,(0.6~1],(200~400],60,180
fine,6,(1~1.6],(6~12],45,140
fine,6,(1~1.6],(12~25],50,160
fine,6,(1~1.6],(25~50],53,160
fine,6,(1~1.6],(50~100],53,180
fine,6,(1~1.6],(100~200],56,180
fine,6,(1~1.6],(200~400],60,200
standard,4,[1~3.5],[0~125],7,20
standard,4,[1~3.5],(125~400],8,22
standard,4,[1~3.5],(400~800],9,25
standard,4,[1~3.5],(800~1600],10,28
standard,4,[1~3.5],(1600~2500],11,32
standard,4,[1~3.5],(2500~4000],13,36
standard,4,(3.5~6.3],[0~125],9,25
standard,4,(3.5~6.3],(125~400],10,28
standard,4,(3.5~6.3],(400~800],10,28
standard,4,(3.5~6.3],(800~1600],11,32
standard,4,(3.5~6.3],(1600~2500],13,36
standard,4,(3.5~6.3],(2500~4000],14,40
standard,4,(6.3~10],[0~125],10,28
standard,4,(6.3~10],(125~400],11,32
standard,4,(6.3~10],(400~800],11,32
standard,4,(6.3~10],(800~1600],13,36
standard,4,(6.3~10],(1600~2500],14,40
standard,4,(6.3~10],(2500~4000],16,45
standard,5,[1~3.5],[0~125],10,32
standard,5,[1~3.5],(125~400],11,36
standard,5,[1~3.5],(400~800],13,40
standard,5,[1~3.5],(800~1600],14,45
standard,5,[1~3.5],(1600~2500],16,50
standard,5,[1~3.5],(2500~4000],18,56
standard,5,(3.5~6.3],[0~125],13,40
standard,5,(3.5~6.3],(125~400],14,45
standard,5,(3.5~6.3],(400~800],14,45
standard,5,(3.5~6.3],(800~1600],16,50
standard,5,(3.5~6.3],(1600~2500],18,56
standard,5,(3.5~6.3],(2500~4000],20,63
standard,5,(6.3~10],[0~125],14,45
standard,5,(6.3~10],(125~400],16,50
standard,5,(6.3~10],(400~800],16,50
standard,5,(6.3~10],(800~1600],18,56
standard,5,(6.3~10],(1600~2500],20,63
standard,5,(6.3~10],(2500~4000],22,71
standard,6,[1~3.5],[0~125],14,50
standard,6,[1~3.5],(125~400],16,56
standard,6,[1~3.5],(400~800],18,63
standard,6,[1~3.5],(800~1600],20,71
standard,6,[1~3.5],(1600~2500],22,80
standard,6,[1~3.5],(2500~4000],25,90
standard,6,(3.5~6.3],[0~125],18,63
standard,6,(3.5~6.3],(125~400],20,71
standard,6,(3.5~6.3],(400~800],20,71
standard,6,(3.5~6.3],(800~1600],22,80
standard,6,(3.5~6.3],(1600~2500],25,90
standard,6,(3.5~6.3],(2500~4000],28,100
standard,6,(6.3~10],[0~125],20,71
standard,6,(6.3~10],(125~400],22,80
standard,6,(6.3~10],(400~800],22,80
standard,6,(6.3~10],(800~1600],25,90
standard,6,(6.3~10],(1600~2500],28,100
standard,6,(6.3~10],(2500~4000],32,112
standard,7,[1~3.5],[0~125],20,71
standard,7,[1~3.5],(125~400],22,80
standard,7,[1~3.5],(400~800],25,90
standard,7,[1~3.5],(800~1600],28,100
standard,7,[1~3.5],(1600~2500],32,112
standard,7,[1~3.5],(2500~4000],36,125
standard,7,(3.5~6.3],[0~125],25,90
standard,7,(3.5~6.3],(125~400],28,100
standard,7,(3.5~6.3],(400~800],28,100
standard,7,(3.5~6.3],(800~1600],32,112
standard,7,(3.5~6.3],(1600~2500],36,125
standard,7,(3.5~6.3],(2500~4000],40,140
standard,7,(6.3~10],[0~125],28,100
standard,7,(6.3~10],(125~400],32,112
standard,7,(6.3~10],(400~800],32,112
standard,7,(6.3~10],(800~1600],36,125
standard,7,(6.3~10],(1600~2500],40,140
standard,7,(6.3~10],(2500~4000],45,160
standard,8,[1~3.5],[0~125],28,90
standard,8,[1~3.5],(125~400],32,100
standard,8,[1~3.5],(400~800],36,112
standard,8,[1~3.5],(800~1600],40,125
standard,8,[1~3.5],(1600~2500],45,140
standard,8,[1~3.5],(2500~4000],50,160
standard,8,(3.5~6.3],[0~125],36,112
standard,8,(3.5~6.3],(125~400],40,125
standard,8,(3.5~6.3],(400~800],40,125
standard,8,(3.5~6.3],(800~1600],45,140
standard,8,(3.5~6.3],(1600~2500],50,160
standard,8,(3.5~6.3],(2500~4000],56,180
standard,8,(6.3~10],[0~125],40,125
standard,8,(6.3~10],(125~400],45,140
standard,8,(6.3~10],(400~800],45,140
standard,8,(6.3~10],(800~1600],50,160
standard,8,(6.3~10],(1600~2500],56,180
standard,8,(6.3~10],(2500~4000],63,200
standard,9,[1~3.5],[0~125],36,112
standard,9,[1~3.5],(125~400],40,125
standard,9,[1~3.5],(400~800],45,140
standard,9,[1~3.5],(800~1600],50,160
standard,9,[1~3.5],(1600~2500],56,180
standard,9,[1~3.5],(2500~4000],63,200
standard,9,(3.5~6.3],[0~125],45,140
standard,9,(3.5~6.3],(125~400],50,160
standard,9,(3.5~6.3],(400~800],50,160
standard,9,(3.5~6.3],(800~1600],56,180
standard,9,(3.5~6.3],(1600~2500],63,200
standard,9,(3.5~6.3],(2500~4000],71,224
standard,9,(6.3~10],[0~125],50,160
standard,9,(6.3~10],(125~400],56,180
standard,9,(6.3~10],(400~800],56,180
standard,9,(6.3~10],(800~1600],63,200
standard,9,(6.3~10],(1600~2500],71,224
standard,9,(6.3~10],(2500~4000],80,250
standard,10,[1~3.5],[0~125],45,140
standard,10,[1~3.5],(125~400],50,160
standard,10,[1~3.5],(400~800],56,180
standard,10,[1~3.5],(800~1600],63,200
standard,10,[1~3.5],(1600~2500],71,224
standard,10,[1~3.5],(2500~4000],80,250
standard,10,(3.5~6.3],[0~125],56,180
standard,10,(3.5~6.3],(125~400],63,200
standard,10,(3.5~6.3],(400~800],63,200
standard,10,(3.5~6.3],(800~1600],71,224
standard,10,(3.5~6.3],(1600~2500],80,250
standard,10,(3.5~6.3],(2500~4000],90,280
standard,10,(6.3~10],[0~125],63,200
standard,10,(6.3~10],(125~400],71,224
standard,10,(6.3~10],(400~800],71,224
standard,10,(6.3~10],(800~1600],80,250
standard,10,(6.3~10],(1600~2500],90,280
standard,10,(6.3~10],(2500~4000],100,315
standard,11,[1~3.5],[0~125],56,180
standard,11,[1~3.5],(125~400],63,200
standard,11,[1~3.5],(400~800],71,224
standard,11,[1~3.5],(800~1600],80,250
standard,11,[1~3.5],(1600~2500],90,280
standard,11,[1~3.5],(2500~4000],100,315
standard,11,(3.5~6.3],[0~125],71,224
standard,11,(3.5~6.3],(125~400],80,250
standard,11,(3.5~6.3],(400~800],80,250
standard,11,(3.5~6.3],(800~1600],90,280
standard,11,(3.5~6.3],(1600~2500],100,315
standard,11,(3.5~6.3],(2500~4000],112,355
standard,11,(6.3~10],[0~125],80,250
standard,11,(6.3~10],(125~400],90,280
standard,11,(6.3~10],(400~800],90,280
standard,11,(6.3~10],(800~1600],100,315
standard,11,(6.3~10],(1600~2500],112,355
standard,11,(6.3~10],(2500~4000],125,400
standard,12,[1~3.5],[0~125],71,224
standard,12,[1~3.5],(125~400],80,250
standard,12,[1~3.5],(400~800],90,280
standard,12,[1~3.5],(800~1600],100,315
standard,12,[1~3.5],(1600~2500],112,355
standard,12,[1~3.5],(2500~4000],125,400
standard,12,(3.5~6.3],[0~125],90,280
standard,12,(3.5~6.3],(125~400],100,315
standard,12,(3.5~6.3],(400~800],100,315
standard,12,(3.5~6.3],(800~1600],112,355
standard,12,(3.5~6.3],(1600~2500],125,400
standard,12,(3.5~6.3],(2500~4000],140,450
standard,12,(6.3~10],[0~125],100,315
standard,12,(6.3~10],(125~400],112,355
standard,12,(6.3~10],(400~800],112,355
standard,12,(6.3~10],(800~1600],125,400
standard,12,(6.3~10],(1600~2500],140,450
standard,12,(6.3~10],(2500~4000],160,500
